{
"lengthUnit": "mil",
"components": {
	"fields": ["COMPONENT_NO", "COMPONENT_NAME", "LAYER", "X_COORDINATE", "Y_COORDINATE", "ANGLE"],
	"rows": [
		[1, "BUZZER1", "T", 1820, -6765, 0],
		[2, "C1", "T", 2565.94, -4067.68, 270],
		[3, "C2", "T", 2420.54, -4067.28, 270],
		[4, "C3", "T", 2671.8, -4985.17, 270],
		[5, "C4", "T", 2523.94, -4985.57, 270],
		[6, "C5", "T", 2671.8, -5709.98, 270],
		[7, "C6", "T", 2518.94, -5710.38, 270],
		[8, "C7", "T", 1235.54, -6796.7, 90],
		[9, "C8", "T", 1380.54, -6796.7, 90],
		[10, "C9", "T", 1748.3, -7187.87, 0],
		[11, "C10", "T", 1745.84, -7337.87, 0],
		[12, "C11", "T", 1988.39, -7187.87, 180],
		[13, "C12", "T", 1988.39, -7337.87, 180],
		[14, "C13", "T", 3073.64, -6890.74, 180],
		[15, "C14", "T", 3072.84, -6745.74, 180],
		[16, "C15", "T", 2386.8, -6278.44, 90],
		[17, "C16", "T", 2136.24, -6430.74, 180],
		[18, "C17", "T", 1585.94, -4430.91, 90],
		[19, "C18", "T", 1745.94, -4430.91, 90],
		[20, "C19", "T", 2158.46, -3900.17, 90],
		[21, "C20", "T", 2306, -3900.17, 90],
		[22, "C21", "T", 1604.44, -3910.97, 90],
		[23, "C22", "T", 1451.99, -3910.97, 90],
		[24, "C23", "T", 2138.61, -4114.34, 180],
		[25, "C24", "T", 2534.5, -7033.21, 180],
		[26, "C25", "T", 2275, -7030, 0],
		[27, "C26", "T", 2600, -7460, 180],
		[28, "C27", "T", 2110.84, -7459.93, 180],
		[29, "H1", "T", 2005, -3845, 90],
		[30, "H2", "T", 1775, -3850, 90],
		[31, "H3", "T", 2130, -4275, 180],
		[32, "H4", "T", 1425, -4920, 0],
		[33, "H5", "T", 1425, -6225, 180],
		[34, "U1", "T", 1425, -5580, 180],
		[35, "U2", "T", 2750, -4375, 180],
		[36, "U3", "T", 3215, -4935, 0],
		[37, "U4", "T", 3215, -5655, 0],
		[38, "U5", "T", 1045, -6640, 0],
		[39, "U6", "T", 3000, -6570, 0],
		[40, "U7", "T", 2560, -6165, 270],
		[41, "U8", "T", 1330, -4335, 0],
		[42, "U9", "T", 1235, -7265, 0],
		[43, "U10", "T", 2425, -6725, 0],
		[44, "U11", "T", 2500, -7285, 0]
	]
},
"pins": {
	"fields": ["PIN_NO", "PIN_NAME", "PIN_X", "PIN_Y", "LAYER", "PIN_TYPE", "NET_NAME", "NET_TYPE", "PAD_SHAPE", "PAD_SIZEX", "PAD_SIZEY", "HOLE_SIZE", "PAD_ANGLE"],
	"rows": [
		[1, "BUZZER1_1", 1670.39, -6765, "T", "DIP", "D9", "", "C", 70.87, 70.87, 39.37, 0],
		[2, "BUZZER1_1", 1670.39, -6765, "B", "DIP", "D9", "", "C", 70.87, 70.87, 39.37, 0],
		[3, "BUZZER1_2", 1969.61, -6765, "T", "DIP", "GND", "GND", "C", 70.87, 70.87, 39.37, 0],
		[4, "BUZZER1_2", 1969.61, -6765, "B", "DIP", "GND", "GND", "C", 70.87, 70.87, 39.37, 0],
		[5, "C1_1", 2565.94, -4004.98, "T", "SMD", "+5V", "", "R", 58.47, 68.03, 0, 270],
		[6, "C1_2", 2565.94, -4130.38, "T", "SMD", "GND", "GND", "R", 58.47, 68.03, 0, 270],
		[7, "C2_1", 2420.54, -4004.58, "T", "SMD", "+5V", "", "R", 58.47, 68.03, 0, 270],
		[8, "C2_2", 2420.54, -4129.98, "T", "SMD", "GND", "GND", "R", 58.47, 68.03, 0, 270],
		[9, "C3_1", 2671.8, -4922.47, "T", "SMD", "+5V", "", "R", 58.47, 68.03, 0, 270],
		[10, "C3_2", 2671.8, -5047.87, "T", "SMD", "GND", "GND", "R", 58.47, 68.03, 0, 270],
		[11, "C4_1", 2523.94, -4922.87, "T", "SMD", "+5V", "", "R", 58.47, 68.03, 0, 270],
		[12, "C4_2", 2523.94, -5048.27, "T", "SMD", "GND", "GND", "R", 58.47, 68.03, 0, 270],
		[13, "C5_1", 2671.8, -5647.28, "T", "SMD", "+5V", "", "R", 58.47, 68.03, 0, 270],
		[14, "C5_2", 2671.8, -5772.68, "T", "SMD", "GND", "GND", "R", 58.47, 68.03, 0, 270],
		[15, "C6_1", 2518.94, -5647.68, "T", "SMD", "+5V", "", "R", 58.47, 68.03, 0, 270],
		[16, "C6_2", 2518.94, -5773.08, "T", "SMD", "GND", "GND", "R", 58.47, 68.03, 0, 270],
		[17, "C7_1", 1235.54, -6859.4, "T", "SMD", "+5V", "", "R", 58.47, 68.03, 0, 90],
		[18, "C7_2", 1235.54, -6734, "T", "SMD", "GND", "GND", "R", 58.47, 68.03, 0, 90],
		[19, "C8_1", 1380.54, -6859.4, "T", "SMD", "+5V", "", "R", 58.47, 68.03, 0, 90],
		[20, "C8_2", 1380.54, -6734, "T", "SMD", "GND", "GND", "R", 58.47, 68.03, 0, 90],
		[21, "C9_1", 1685.6, -7187.87, "T", "SMD", "GND", "GND", "R", 58.47, 68.03, 0, 0],
		[22, "C9_2", 1811, -7187.87, "T", "SMD", "VCC", "", "R", 58.47, 68.03, 0, 0],
		[23, "C10_1", 1683.14, -7337.87, "T", "SMD", "GND", "GND", "R", 58.47, 68.03, 0, 0],
		[24, "C10_2", 1808.54, -7337.87, "T", "SMD", "VCC", "", "R", 58.47, 68.03, 0, 0],
		[25, "C11_1", 2051.09, -7187.87, "T", "SMD", "GND", "GND", "R", 58.47, 68.03, 0, 180],
		[26, "C11_2", 1925.69, -7187.87, "T", "SMD", "VCC", "", "R", 58.47, 68.03, 0, 180],
		[27, "C12_1", 2051.09, -7337.87, "T", "SMD", "GND", "GND", "R", 58.47, 68.03, 0, 180],
		[28, "C12_2", 1925.69, -7337.87, "T", "SMD", "VCC", "", "R", 58.47, 68.03, 0, 180],
		[29, "C13_1", 3136.34, -6890.74, "T", "SMD", "+5V", "", "R", 58.47, 68.03, 0, 180],
		[30, "C13_2", 3010.94, -6890.74, "T", "SMD", "GND", "GND", "R", 58.47, 68.03, 0, 180],
		[31, "C14_1", 3135.54, -6745.74, "T", "SMD", "+5V", "", "R", 58.47, 68.03, 0, 180],
		[32, "C14_2", 3010.14, -6745.74, "T", "SMD", "GND", "GND", "R", 58.47, 68.03, 0, 180],
		[33, "C15_1", 2386.8, -6341.14, "T", "SMD", "+5V", "", "R", 58.47, 68.03, 0, 90],
		[34, "C15_2", 2386.8, -6215.74, "T", "SMD", "GND", "GND", "R", 58.47, 68.03, 0, 90],
		[35, "C16_1", 2198.94, -6430.74, "T", "SMD", "+5V", "", "R", 58.47, 68.03, 0, 180],
		[36, "C16_2", 2073.54, -6430.74, "T", "SMD", "GND", "GND", "R", 58.47, 68.03, 0, 180],
		[37, "C17_1", 1585.94, -4493.61, "T", "SMD", "+3V", "", "R", 58.47, 68.03, 0, 90],
		[38, "C17_2", 1585.94, -4368.21, "T", "SMD", "GND", "GND", "R", 58.47, 68.03, 0, 90],
		[39, "C18_1", 1745.94, -4493.61, "T", "SMD", "+3V", "", "R", 58.47, 68.03, 0, 90],
		[40, "C18_2", 1745.94, -4368.21, "T", "SMD", "GND", "GND", "R", 58.47, 68.03, 0, 90],
		[41, "C19_1", 2158.46, -3962.87, "T", "SMD", "GND", "GND", "R", 58.47, 68.03, 0, 90],
		[42, "C19_2", 2158.46, -3837.47, "T", "SMD", "+5V", "", "R", 58.47, 68.03, 0, 90],
		[43, "C20_1", 2306, -3962.87, "T", "SMD", "GND", "GND", "R", 58.47, 68.03, 0, 90],
		[44, "C20_2", 2306, -3837.47, "T", "SMD", "+5V", "", "R", 58.47, 68.03, 0, 90],
		[45, "C21_1", 1604.44, -3973.67, "T", "SMD", "GND", "GND", "R", 58.47, 68.03, 0, 90],
		[46, "C21_2", 1604.44, -3848.27, "T", "SMD", "+5V", "", "R", 58.47, 68.03, 0, 90],
		[47, "C22_1", 1451.99, -3973.67, "T", "SMD", "GND", "GND", "R", 58.47, 68.03, 0, 90],
		[48, "C22_2", 1451.99, -3848.27, "T", "SMD", "+5V", "", "R", 58.47, 68.03, 0, 90],
		[49, "C23_1", 2201.31, -4114.34, "T", "SMD", "+5V", "", "R", 58.47, 68.03, 0, 180],
		[50, "C23_2", 2075.91, -4114.34, "T", "SMD", "GND", "GND", "R", 58.47, 68.03, 0, 180],
		[51, "C24_1", 2597.2, -7033.21, "T", "SMD", "+5V", "", "R", 58.47, 68.03, 0, 180],
		[52, "C24_2", 2471.8, -7033.21, "T", "SMD", "GND", "GND", "R", 58.47, 68.03, 0, 180],
		[53, "C25_1", 2212.3, -7030, "T", "SMD", "+5V", "", "R", 58.47, 68.03, 0, 0],
		[54, "C25_2", 2337.7, -7030, "T", "SMD", "GND", "GND", "R", 58.47, 68.03, 0, 0],
		[55, "C26_1", 2662.7, -7460, "T", "SMD", "+5V", "", "R", 58.47, 68.03, 0, 180],
		[56, "C26_2", 2537.3, -7460, "T", "SMD", "GND", "GND", "R", 58.47, 68.03, 0, 180],
		[57, "C27_1", 2173.54, -7459.93, "T", "SMD", "+5V", "", "R", 58.47, 68.03, 0, 180],
		[58, "C27_2", 2048.14, -7459.93, "T", "SMD", "GND", "GND", "R", 58.47, 68.03, 0, 180],
		[59, "H1_1", 2005, -3945, "T", "DIP", "GND", "GND", "R", 66.93, 66.93, 43.31, 90],
		[60, "H1_1", 2005, -3945, "B", "DIP", "GND", "GND", "R", 66.93, 66.93, 43.31, 90],
		[61, "H1_2", 2005, -3845, "T", "DIP", "+5V", "", "C", 66.93, 66.93, 43.31, 90],
		[62, "H1_2", 2005, -3845, "B", "DIP", "+5V", "", "C", 66.93, 66.93, 43.31, 90],
		[63, "H1_3", 2005, -3745, "T", "DIP", "D5", "", "C", 66.93, 66.93, 43.31, 90],
		[64, "H1_3", 2005, -3745, "B", "DIP", "D5", "", "C", 66.93, 66.93, 43.31, 90],
		[65, "H2_1", 1775, -3950, "T", "DIP", "GND", "GND", "R", 66.93, 66.93, 43.31, 90],
		[66, "H2_1", 1775, -3950, "B", "DIP", "GND", "GND", "R", 66.93, 66.93, 43.31, 90],
		[67, "H2_2", 1775, -3850, "T", "DIP", "+5V", "", "C", 66.93, 66.93, 43.31, 90],
		[68, "H2_2", 1775, -3850, "B", "DIP", "+5V", "", "C", 66.93, 66.93, 43.31, 90],
		[69, "H2_3", 1775, -3750, "T", "DIP", "D6", "", "C", 66.93, 66.93, 43.31, 90],
		[70, "H2_3", 1775, -3750, "B", "DIP", "D6", "", "C", 66.93, 66.93, 43.31, 90],
		[71, "H3_1", 2230, -4275, "T", "DIP", "+5V", "", "R", 66.93, 66.93, 43.31, 180],
		[72, "H3_1", 2230, -4275, "B", "DIP", "+5V", "", "R", 66.93, 66.93, 43.31, 180],
		[73, "H3_2", 2130, -4275, "T", "DIP", "D3", "", "C", 66.93, 66.93, 43.31, 180],
		[74, "H3_2", 2130, -4275, "B", "DIP", "D3", "", "C", 66.93, 66.93, 43.31, 180],
		[75, "H3_3", 2030, -4275, "T", "DIP", "GND", "GND", "C", 66.93, 66.93, 43.31, 180],
		[76, "H3_3", 2030, -4275, "B", "DIP", "GND", "GND", "C", 66.93, 66.93, 43.31, 180],
		[77, "H4_1", 725, -4920, "T", "DIP", "D12", "", "R", 70.87, 70.87, 43.31, 0],
		[78, "H4_1", 725, -4920, "B", "DIP", "D12", "", "R", 70.87, 70.87, 43.31, 0],
		[79, "H4_2", 825, -4920, "T", "DIP", "D11", "", "C", 70.87, 70.87, 43.31, 0],
		[80, "H4_2", 825, -4920, "B", "DIP", "D11", "", "C", 70.87, 70.87, 43.31, 0],
		[81, "H4_3", 925, -4920, "T", "DIP", "D10", "", "C", 70.87, 70.87, 43.31, 0],
		[82, "H4_3", 925, -4920, "B", "DIP", "D10", "", "C", 70.87, 70.87, 43.31, 0],
		[83, "H4_4", 1025, -4920, "T", "DIP", "D9", "", "C", 70.87, 70.87, 43.31, 0],
		[84, "H4_4", 1025, -4920, "B", "DIP", "D9", "", "C", 70.87, 70.87, 43.31, 0],
		[85, "H4_5", 1125, -4920, "T", "DIP", "D8", "", "C", 70.87, 70.87, 43.31, 0],
		[86, "H4_5", 1125, -4920, "B", "DIP", "D8", "", "C", 70.87, 70.87, 43.31, 0],
		[87, "H4_6", 1225, -4920, "T", "DIP", "D7", "", "C", 70.87, 70.87, 43.31, 0],
		[88, "H4_6", 1225, -4920, "B", "DIP", "D7", "", "C", 70.87, 70.87, 43.31, 0],
		[89, "H4_7", 1325, -4920, "T", "DIP", "D6", "", "C", 70.87, 70.87, 43.31, 0],
		[90, "H4_7", 1325, -4920, "B", "DIP", "D6", "", "C", 70.87, 70.87, 43.31, 0],
		[91, "H4_8", 1425, -4920, "T", "DIP", "D5", "", "C", 70.87, 70.87, 43.31, 0],
		[92, "H4_8", 1425, -4920, "B", "DIP", "D5", "", "C", 70.87, 70.87, 43.31, 0],
		[93, "H4_9", 1525, -4920, "T", "DIP", "D4", "", "C", 70.87, 70.87, 43.31, 0],
		[94, "H4_9", 1525, -4920, "B", "DIP", "D4", "", "C", 70.87, 70.87, 43.31, 0],
		[95, "H4_10", 1625, -4920, "T", "DIP", "D3", "", "C", 70.87, 70.87, 43.31, 0],
		[96, "H4_10", 1625, -4920, "B", "DIP", "D3", "", "C", 70.87, 70.87, 43.31, 0],
		[97, "H4_11", 1725, -4920, "T", "DIP", "D2", "", "C", 70.87, 70.87, 43.31, 0],
		[98, "H4_11", 1725, -4920, "B", "DIP", "D2", "", "C", 70.87, 70.87, 43.31, 0],
		[99, "H4_12", 1825, -4920, "T", "DIP", "GND", "GND", "C", 70.87, 70.87, 43.31, 0],
		[100, "H4_12", 1825, -4920, "B", "DIP", "GND", "GND", "C", 70.87, 70.87, 43.31, 0],
		[101, "H4_13", 1925, -4920, "T", "DIP", "RST", "", "C", 70.87, 70.87, 43.31, 0],
		[102, "H4_13", 1925, -4920, "B", "DIP", "RST", "", "C", 70.87, 70.87, 43.31, 0],
		[103, "H4_14", 2025, -4920, "T", "DIP", "RX", "", "C", 70.87, 70.87, 43.31, 0],
		[104, "H4_14", 2025, -4920, "B", "DIP", "RX", "", "C", 70.87, 70.87, 43.31, 0],
		[105, "H4_15", 2125, -4920, "T", "DIP", "TX", "", "C", 70.87, 70.87, 43.31, 0],
		[106, "H4_15", 2125, -4920, "B", "DIP", "TX", "", "C", 70.87, 70.87, 43.31, 0],
		[107, "H5_1", 2125, -6225, "T", "DIP", "VCC", "", "R", 70.87, 70.87, 43.31, 180],
		[108, "H5_1", 2125, -6225, "B", "DIP", "VCC", "", "R", 70.87, 70.87, 43.31, 180],
		[109, "H5_2", 2025, -6225, "T", "DIP", "GND", "GND", "C", 70.87, 70.87, 43.31, 180],
		[110, "H5_2", 2025, -6225, "B", "DIP", "GND", "GND", "C", 70.87, 70.87, 43.31, 180],
		[111, "H5_3", 1925, -6225, "T", "DIP", "RST", "", "C", 70.87, 70.87, 43.31, 180],
		[112, "H5_3", 1925, -6225, "B", "DIP", "RST", "", "C", 70.87, 70.87, 43.31, 180],
		[113, "H5_4", 1825, -6225, "T", "DIP", "+5V", "", "C", 70.87, 70.87, 43.31, 180],
		[114, "H5_4", 1825, -6225, "B", "DIP", "+5V", "", "C", 70.87, 70.87, 43.31, 180],
		[115, "H5_5", 1725, -6225, "T", "DIP", "A7", "", "C", 70.87, 70.87, 43.31, 180],
		[116, "H5_5", 1725, -6225, "B", "DIP", "A7", "", "C", 70.87, 70.87, 43.31, 180],
		[117, "H5_6", 1625, -6225, "T", "DIP", "A6", "", "C", 70.87, 70.87, 43.31, 180],
		[118, "H5_6", 1625, -6225, "B", "DIP", "A6", "", "C", 70.87, 70.87, 43.31, 180],
		[119, "H5_7", 1525, -6225, "T", "DIP", "SCL", "", "C", 70.87, 70.87, 43.31, 180],
		[120, "H5_7", 1525, -6225, "B", "DIP", "SCL", "", "C", 70.87, 70.87, 43.31, 180],
		[121, "H5_8", 1425, -6225, "T", "DIP", "SDA", "", "C", 70.87, 70.87, 43.31, 180],
		[122, "H5_8", 1425, -6225, "B", "DIP", "SDA", "", "C", 70.87, 70.87, 43.31, 180],
		[123, "H5_9", 1325, -6225, "T", "DIP", "A3", "", "C", 70.87, 70.87, 43.31, 180],
		[124, "H5_9", 1325, -6225, "B", "DIP", "A3", "", "C", 70.87, 70.87, 43.31, 180],
		[125, "H5_10", 1225, -6225, "T", "DIP", "A2", "", "C", 70.87, 70.87, 43.31, 180],
		[126, "H5_10", 1225, -6225, "B", "DIP", "A2", "", "C", 70.87, 70.87, 43.31, 180],
		[127, "H5_11", 1125, -6225, "T", "DIP", "A1", "", "C", 70.87, 70.87, 43.31, 180],
		[128, "H5_11", 1125, -6225, "B", "DIP", "A1", "", "C", 70.87, 70.87, 43.31, 180],
		[129, "H5_12", 1025, -6225, "T", "DIP", "A0", "", "C", 70.87, 70.87, 43.31, 180],
		[130, "H5_12", 1025, -6225, "B", "DIP", "A0", "", "C", 70.87, 70.87, 43.31, 180],
		[131, "H5_13", 925, -6225, "T", "DIP", "REF", "", "C", 70.87, 70.87, 43.31, 180],
		[132, "H5_13", 925, -6225, "B", "DIP", "REF", "", "C", 70.87, 70.87, 43.31, 180],
		[133, "H5_14", 825, -6225, "T", "DIP", "+3V", "", "C", 70.87, 70.87, 43.31, 180],
		[134, "H5_14", 825, -6225, "B", "DIP", "+3V", "", "C", 70.87, 70.87, 43.31, 180],
		[135, "H5_15", 725, -6225, "T", "DIP", "D13", "", "C", 70.87, 70.87, 43.31, 180],
		[136, "H5_15", 725, -6225, "B", "DIP", "D13", "", "C", 70.87, 70.87, 43.31, 180],
		[137, "U1_1", 2125, -5280, "T", "DIP", "TX", "", "C", 62.99, 62.99, 39.37, 180],
		[138, "U1_1", 2125, -5280, "B", "DIP", "TX", "", "C", 62.99, 62.99, 39.37, 180],
		[139, "U1_2", 2025, -5280, "T", "DIP", "RX", "", "C", 62.99, 62.99, 39.37, 180],
		[140, "U1_2", 2025, -5280, "B", "DIP", "RX", "", "C", 62.99, 62.99, 39.37, 180],
		[141, "U1_3", 1925, -5280, "T", "DIP", "RST", "", "C", 62.99, 62.99, 39.37, 180],
		[142, "U1_3", 1925, -5280, "B", "DIP", "RST", "", "C", 62.99, 62.99, 39.37, 180],
		[143, "U1_4", 1825, -5280, "T", "DIP", "GND", "GND", "C", 62.99, 62.99, 39.37, 180],
		[144, "U1_4", 1825, -5280, "B", "DIP", "GND", "GND", "C", 62.99, 62.99, 39.37, 180],
		[145, "U1_5", 1725, -5280, "T", "DIP", "D2", "", "C", 62.99, 62.99, 39.37, 180],
		[146, "U1_5", 1725, -5280, "B", "DIP", "D2", "", "C", 62.99, 62.99, 39.37, 180],
		[147, "U1_6", 1625, -5280, "T", "DIP", "D3", "", "C", 62.99, 62.99, 39.37, 180],
		[148, "U1_6", 1625, -5280, "B", "DIP", "D3", "", "C", 62.99, 62.99, 39.37, 180],
		[149, "U1_7", 1525, -5280, "T", "DIP", "D4", "", "C", 62.99, 62.99, 39.37, 180],
		[150, "U1_7", 1525, -5280, "B", "DIP", "D4", "", "C", 62.99, 62.99, 39.37, 180],
		[151, "U1_8", 1425, -5280, "T", "DIP", "D5", "", "C", 62.99, 62.99, 39.37, 180],
		[152, "U1_8", 1425, -5280, "B", "DIP", "D5", "", "C", 62.99, 62.99, 39.37, 180],
		[153, "U1_9", 1325, -5280, "T", "DIP", "D6", "", "C", 62.99, 62.99, 39.37, 180],
		[154, "U1_9", 1325, -5280, "B", "DIP", "D6", "", "C", 62.99, 62.99, 39.37, 180],
		[155, "U1_10", 1225, -5280, "T", "DIP", "D7", "", "C", 62.99, 62.99, 39.37, 180],
		[156, "U1_10", 1225, -5280, "B", "DIP", "D7", "", "C", 62.99, 62.99, 39.37, 180],
		[157, "U1_11", 1125, -5280, "T", "DIP", "D8", "", "C", 62.99, 62.99, 39.37, 180],
		[158, "U1_11", 1125, -5280, "B", "DIP", "D8", "", "C", 62.99, 62.99, 39.37, 180],
		[159, "U1_12", 1025, -5280, "T", "DIP", "D9", "", "C", 62.99, 62.99, 39.37, 180],
		[160, "U1_12", 1025, -5280, "B", "DIP", "D9", "", "C", 62.99, 62.99, 39.37, 180],
		[161, "U1_13", 925, -5280, "T", "DIP", "D10", "", "C", 62.99, 62.99, 39.37, 180],
		[162, "U1_13", 925, -5280, "B", "DIP", "D10", "", "C", 62.99, 62.99, 39.37, 180],
		[163, "U1_14", 825, -5280, "T", "DIP", "D11", "", "C", 62.99, 62.99, 39.37, 180],
		[164, "U1_14", 825, -5280, "B", "DIP", "D11", "", "C", 62.99, 62.99, 39.37, 180],
		[165, "U1_15", 725, -5280, "T", "DIP", "D12", "", "C", 62.99, 62.99, 39.37, 180],
		[166, "U1_15", 725, -5280, "B", "DIP", "D12", "", "C", 62.99, 62.99, 39.37, 180],
		[167, "U1_16", 725, -5880, "T", "DIP", "D13", "", "C", 62.99, 62.99, 39.37, 180],
		[168, "U1_16", 725, -5880, "B", "DIP", "D13", "", "C", 62.99, 62.99, 39.37, 180],
		[169, "U1_17", 825, -5880, "T", "DIP", "+3V", "", "C", 62.99, 62.99, 39.37, 180],
		[170, "U1_17", 825, -5880, "B", "DIP", "+3V", "", "C", 62.99, 62.99, 39.37, 180],
		[171, "U1_18", 925, -5880, "T", "DIP", "REF", "", "C", 62.99, 62.99, 39.37, 180],
		[172, "U1_18", 925, -5880, "B", "DIP", "REF", "", "C", 62.99, 62.99, 39.37, 180],
		[173, "U1_19", 1025, -5880, "T", "DIP", "A0", "", "C", 62.99, 62.99, 39.37, 180],
		[174, "U1_19", 1025, -5880, "B", "DIP", "A0", "", "C", 62.99, 62.99, 39.37, 180],
		[175, "U1_20", 1125, -5880, "T", "DIP", "A1", "", "C", 62.99, 62.99, 39.37, 180],
		[176, "U1_20", 1125, -5880, "B", "DIP", "A1", "", "C", 62.99, 62.99, 39.37, 180],
		[177, "U1_21", 1225, -5880, "T", "DIP", "A2", "", "C", 62.99, 62.99, 39.37, 180],
		[178, "U1_21", 1225, -5880, "B", "DIP", "A2", "", "C", 62.99, 62.99, 39.37, 180],
		[179, "U1_22", 1325, -5880, "T", "DIP", "A3", "", "C", 62.99, 62.99, 39.37, 180],
		[180, "U1_22", 1325, -5880, "B", "DIP", "A3", "", "C", 62.99, 62.99, 39.37, 180],
		[181, "U1_23", 1425, -5880, "T", "DIP", "SDA", "", "C", 62.99, 62.99, 39.37, 180],
		[182, "U1_23", 1425, -5880, "B", "DIP", "SDA", "", "C", 62.99, 62.99, 39.37, 180],
		[183, "U1_24", 1525, -5880, "T", "DIP", "SCL", "", "C", 62.99, 62.99, 39.37, 180],
		[184, "U1_24", 1525, -5880, "B", "DIP", "SCL", "", "C", 62.99, 62.99, 39.37, 180],
		[185, "U1_25", 1625, -5880, "T", "DIP", "A6", "", "C", 62.99, 62.99, 39.37, 180],
		[186, "U1_25", 1625, -5880, "B", "DIP", "A6", "", "C", 62.99, 62.99, 39.37, 180],
		[187, "U1_26", 1725, -5880, "T", "DIP", "A7", "", "C", 62.99, 62.99, 39.37, 180],
		[188, "U1_26", 1725, -5880, "B", "DIP", "A7", "", "C", 62.99, 62.99, 39.37, 180],
		[189, "U1_27", 1825, -5880, "T", "DIP", "+5V", "", "C", 62.99, 62.99, 39.37, 180],
		[190, "U1_27", 1825, -5880, "B", "DIP", "+5V", "", "C", 62.99, 62.99, 39.37, 180],
		[191, "U1_28", 1925, -5880, "T", "DIP", "RST", "", "C", 62.99, 62.99, 39.37, 180],
		[192, "U1_28", 1925, -5880, "B", "DIP", "RST", "", "C", 62.99, 62.99, 39.37, 180],
		[193, "U1_29", 2025, -5880, "T", "DIP", "GND", "GND", "C", 62.99, 62.99, 39.37, 180],
		[194, "U1_29", 2025, -5880, "B", "DIP", "GND", "GND", "C", 62.99, 62.99, 39.37, 180],
		[195, "U1_30", 2125, -5880, "T", "DIP", "VCC", "", "C", 62.99, 62.99, 39.37, 180],
		[196, "U1_30", 2125, -5880, "B", "DIP", "VCC", "", "C", 62.99, 62.99, 39.37, 180],
		[197, "U2_1", 2746.06, -4725.39, "T", "DIP", "U2_1", "", "C", 66.93, 66.93, 36, 180],
		[198, "U2_1", 2746.06, -4725.39, "B", "DIP", "U2_1", "", "C", 66.93, 66.93, 36, 180],
		[199, "U2_2", 2746.06, -4624.72, "T", "DIP", "U2_2", "", "C", 66.93, 66.93, 36, 180],
		[200, "U2_2", 2746.06, -4624.72, "B", "DIP", "U2_2", "", "C", 66.93, 66.93, 36, 180],
		[201, "U2_3", 2746.06, -4524.05, "T", "DIP", "U2_3", "", "C", 66.93, 66.93, 36, 180],
		[202, "U2_3", 2746.06, -4524.05, "B", "DIP", "U2_3", "", "C", 66.93, 66.93, 36, 180],
		[203, "U2_4", 2746.06, -4423.37, "T", "DIP", "U2_4", "", "C", 66.93, 66.93, 36, 180],
		[204, "U2_4", 2746.06, -4423.37, "B", "DIP", "U2_4", "", "C", 66.93, 66.93, 36, 180],
		[205, "U2_5", 2746.06, -4322.69, "T", "DIP", "SDA", "", "C", 66.93, 66.93, 36, 180],
		[206, "U2_5", 2746.06, -4322.69, "B", "DIP", "SDA", "", "C", 66.93, 66.93, 36, 180],
		[207, "U2_6", 2746.06, -4222.02, "T", "DIP", "SCL", "", "C", 66.93, 66.93, 36, 180],
		[208, "U2_6", 2746.06, -4222.02, "B", "DIP", "SCL", "", "C", 66.93, 66.93, 36, 180],
		[209, "U2_7", 2746.06, -4121.35, "T", "DIP", "GND", "GND", "C", 66.93, 66.93, 36, 180],
		[210, "U2_7", 2746.06, -4121.35, "B", "DIP", "GND", "GND", "C", 66.93, 66.93, 36, 180],
		[211, "U2_8", 2746.06, -4020.67, "T", "DIP", "+5V", "", "C", 66.93, 66.93, 36, 180],
		[212, "U2_8", 2746.06, -4020.67, "B", "DIP", "+5V", "", "C", 66.93, 66.93, 36, 180],
		[213, "U3_1", 2835, -4935, "T", "DIP", "+5V", "", "C", 60, 60, 36, 0],
		[214, "U3_1", 2835, -4935, "B", "DIP", "+5V", "", "C", 60, 60, 36, 0],
		[215, "U3_2", 2835, -5035, "T", "DIP", "GND", "GND", "C", 60, 60, 36, 0],
		[216, "U3_2", 2835, -5035, "B", "DIP", "GND", "GND", "C", 60, 60, 36, 0],
		[217, "U3_3", 2835, -5135, "T", "DIP", "SCL", "", "C", 60, 60, 36, 0],
		[218, "U3_3", 2835, -5135, "B", "DIP", "SCL", "", "C", 60, 60, 36, 0],
		[219, "U3_4", 2835, -5235, "T", "DIP", "SDA", "", "C", 60, 60, 36, 0],
		[220, "U3_4", 2835, -5235, "B", "DIP", "SDA", "", "C", 60, 60, 36, 0],
		[221, "U3_5", 2835, -5340, "T", "DIP", "U3_5", "", "C", 60, 60, 36, 0],
		[222, "U3_5", 2835, -5340, "B", "DIP", "U3_5", "", "C", 60, 60, 36, 0],
		[223, "U3_6", 2835, -5440, "T", "DIP", "U3_6", "", "C", 60, 60, 36, 0],
		[224, "U3_6", 2835, -5440, "B", "DIP", "U3_6", "", "C", 60, 60, 36, 0],
		[225, "U4_1", 2835, -5655, "T", "DIP", "+5V", "", "C", 60, 60, 36, 0],
		[226, "U4_1", 2835, -5655, "B", "DIP", "+5V", "", "C", 60, 60, 36, 0],
		[227, "U4_2", 2835, -5755, "T", "DIP", "GND", "GND", "C", 60, 60, 36, 0],
		[228, "U4_2", 2835, -5755, "B", "DIP", "GND", "GND", "C", 60, 60, 36, 0],
		[229, "U4_3", 2835, -5855, "T", "DIP", "SCL", "", "C", 60, 60, 36, 0],
		[230, "U4_3", 2835, -5855, "B", "DIP", "SCL", "", "C", 60, 60, 36, 0],
		[231, "U4_4", 2835, -5955, "T", "DIP", "SDA", "", "C", 60, 60, 36, 0],
		[232, "U4_4", 2835, -5955, "B", "DIP", "SDA", "", "C", 60, 60, 36, 0],
		[233, "U4_5", 2835, -6060, "T", "DIP", "U4_5", "", "C", 60, 60, 36, 0],
		[234, "U4_5", 2835, -6060, "B", "DIP", "U4_5", "", "C", 60, 60, 36, 0],
		[235, "U4_6", 2835, -6160, "T", "DIP", "U4_6", "", "C", 60, 60, 36, 0],
		[236, "U4_6", 2835, -6160, "B", "DIP", "U4_6", "", "C", 60, 60, 36, 0],
		[237, "U5_1", 1045, -6455, "T", "DIP", "U5_1", "", "C", 60, 60, 36, 0],
		[238, "U5_1", 1045, -6455, "B", "DIP", "U5_1", "", "C", 60, 60, 36, 0],
		[239, "U5_2", 1045, -6545, "T", "DIP", "SDA", "", "C", 60, 60, 36, 0],
		[240, "U5_2", 1045, -6545, "B", "DIP", "SDA", "", "C", 60, 60, 36, 0],
		[241, "U5_3", 1045, -6640, "T", "DIP", "SCL", "", "C", 60, 60, 36, 0],
		[242, "U5_3", 1045, -6640, "B", "DIP", "SCL", "", "C", 60, 60, 36, 0],
		[243, "U5_4", 1045, -6740, "T", "DIP", "GND", "GND", "C", 60, 60, 36, 0],
		[244, "U5_4", 1045, -6740, "B", "DIP", "GND", "GND", "C", 60, 60, 36, 0],
		[245, "U5_5", 1045, -6845, "T", "DIP", "+5V", "", "C", 60, 60, 36, 0],
		[246, "U5_5", 1045, -6845, "B", "DIP", "+5V", "", "C", 60, 60, 36, 0],
		[247, "U6_1", 2852.36, -6570, "T", "DIP", "SDA", "", "R", 70.87, 70.87, 47.24, 0],
		[248, "U6_1", 2852.36, -6570, "B", "DIP", "SDA", "", "R", 70.87, 70.87, 47.24, 0],
		[249, "U6_2", 2950.79, -6570, "T", "DIP", "SCL", "", "C", 70.87, 70.87, 47.24, 0],
		[250, "U6_2", 2950.79, -6570, "B", "DIP", "SCL", "", "C", 70.87, 70.87, 47.24, 0],
		[251, "U6_3", 3049.2, -6570, "T", "DIP", "GND", "GND", "C", 70.87, 70.87, 47.24, 0],
		[252, "U6_3", 3049.2, -6570, "B", "DIP", "GND", "GND", "C", 70.87, 70.87, 47.24, 0],
		[253, "U6_4", 3147.64, -6570, "T", "DIP", "+5V", "", "C", 70.87, 70.87, 47.24, 0],
		[254, "U6_4", 3147.64, -6570, "B", "DIP", "+5V", "", "C", 70.87, 70.87, 47.24, 0],
		[255, "U7_1", 2560, -6017.36, "T", "DIP", "SDA", "", "R", 70.87, 70.87, 47.24, 270],
		[256, "U7_1", 2560, -6017.36, "B", "DIP", "SDA", "", "R", 70.87, 70.87, 47.24, 270],
		[257, "U7_2", 2560, -6115.78, "T", "DIP", "SCL", "", "C", 70.87, 70.87, 47.24, 270],
		[258, "U7_2", 2560, -6115.78, "B", "DIP", "SCL", "", "C", 70.87, 70.87, 47.24, 270],
		[259, "U7_3", 2560, -6214.2, "T", "DIP", "GND", "GND", "C", 70.87, 70.87, 47.24, 270],
		[260, "U7_3", 2560, -6214.2, "B", "DIP", "GND", "GND", "C", 70.87, 70.87, 47.24, 270],
		[261, "U7_4", 2560, -6312.64, "T", "DIP", "+5V", "", "C", 70.87, 70.87, 47.24, 270],
		[262, "U7_4", 2560, -6312.64, "B", "DIP", "+5V", "", "C", 70.87, 70.87, 47.24, 270],
		[263, "U8_1", 1380, -4485, "T", "DIP", "GND", "GND", "R", 78.74, 78.74, 47.24, 180],
		[264, "U8_1", 1380, -4485, "B", "DIP", "GND", "GND", "R", 78.74, 78.74, 47.24, 180],
		[265, "U8_2", 1280, -4485, "T", "DIP", "+3V", "", "C", 78.74, 78.74, 47.24, 180],
		[266, "U8_2", 1280, -4485, "B", "DIP", "+3V", "", "C", 78.74, 78.74, 47.24, 180],
		[267, "U8_3", 1380, -4385, "T", "DIP", "D7", "", "C", 78.74, 78.74, 47.24, 180],
		[268, "U8_3", 1380, -4385, "B", "DIP", "D7", "", "C", 78.74, 78.74, 47.24, 180],
		[269, "U8_4", 1280, -4385, "T", "DIP", "D8", "", "C", 78.74, 78.74, 47.24, 180],
		[270, "U8_4", 1280, -4385, "B", "DIP", "D8", "", "C", 78.74, 78.74, 47.24, 180],
		[271, "U8_5", 1380, -4285, "T", "DIP", "D13", "", "C", 78.74, 78.74, 47.24, 180],
		[272, "U8_5", 1380, -4285, "B", "DIP", "D13", "", "C", 78.74, 78.74, 47.24, 180],
		[273, "U8_6", 1280, -4285, "T", "DIP", "D11", "", "C", 78.74, 78.74, 47.24, 180],
		[274, "U8_6", 1280, -4285, "B", "DIP", "D11", "", "C", 78.74, 78.74, 47.24, 180],
		[275, "U8_7", 1380, -4185, "T", "DIP", "D12", "", "C", 78.74, 78.74, 47.24, 180],
		[276, "U8_7", 1380, -4185, "B", "DIP", "D12", "", "C", 78.74, 78.74, 47.24, 180],
		[277, "U8_8", 1280, -4185, "T", "DIP", "U8_8", "", "C", 78.74, 78.74, 47.24, 180],
		[278, "U8_8", 1280, -4185, "B", "DIP", "U8_8", "", "C", 78.74, 78.74, 47.24, 180],
		[279, "U9_1", 1093.27, -7265, "T", "DIP", "GND", "GND", "C", 228.35, 228.35, 173.23, 0],
		[280, "U9_1", 1093.27, -7265, "B", "DIP", "GND", "GND", "C", 228.35, 228.35, 173.23, 0],
		[281, "U9_2", 1376.73, -7265, "T", "DIP", "VCC", "", "C", 228.35, 228.35, 173.23, 0],
		[282, "U9_2", 1376.73, -7265, "B", "DIP", "VCC", "", "C", 228.35, 228.35, 173.23, 0],
		[283, "U10_1", 2277.37, -6725, "T", "DIP", "TX", "", "R", 70.87, 70.87, 47.24, 0],
		[284, "U10_1", 2277.37, -6725, "B", "DIP", "TX", "", "R", 70.87, 70.87, 47.24, 0],
		[285, "U10_2", 2375.78, -6725, "T", "DIP", "RX", "", "C", 70.87, 70.87, 47.24, 0],
		[286, "U10_2", 2375.78, -6725, "B", "DIP", "RX", "", "C", 70.87, 70.87, 47.24, 0],
		[287, "U10_3", 2474.2, -6725, "T", "DIP", "GND", "GND", "C", 70.87, 70.87, 47.24, 0],
		[288, "U10_3", 2474.2, -6725, "B", "DIP", "GND", "GND", "C", 70.87, 70.87, 47.24, 0],
		[289, "U10_4", 2572.64, -6725, "T", "DIP", "+5V", "", "C", 70.87, 70.87, 47.24, 0],
		[290, "U10_4", 2572.64, -6725, "B", "DIP", "+5V", "", "C", 70.87, 70.87, 47.24, 0],
		[291, "U11_1", 2352.37, -7285, "T", "DIP", "TX", "", "R", 70.87, 70.87, 47.24, 0],
		[292, "U11_1", 2352.37, -7285, "B", "DIP", "TX", "", "R", 70.87, 70.87, 47.24, 0],
		[293, "U11_2", 2450.78, -7285, "T", "DIP", "RX", "", "C", 70.87, 70.87, 47.24, 0],
		[294, "U11_2", 2450.78, -7285, "B", "DIP", "RX", "", "C", 70.87, 70.87, 47.24, 0],
		[295, "U11_3", 2549.2, -7285, "T", "DIP", "GND", "GND", "C", 70.87, 70.87, 47.24, 0],
		[296, "U11_3", 2549.2, -7285, "B", "DIP", "GND", "GND", "C", 70.87, 70.87, 47.24, 0],
		[297, "U11_4", 2647.64, -7285, "T", "DIP", "+5V", "", "C", 70.87, 70.87, 47.24, 0],
		[298, "U11_4", 2647.64, -7285, "B", "DIP", "+5V", "", "C", 70.87, 70.87, 47.24, 0]
	]
}
}